Model,Accuracy,Precision,Recall,F1 Score,AUC
Logistic Regression,0.9978728168383341,0.9844674556213018,0.9873887240356083,0.9859259259259259,0.9996371201597156
Gradient Boosting,0.9978728168383341,0.986627043090639,0.9851632047477745,0.985894580549369,0.9999408226030976
Random Forest,0.9766009852216748,0.9696969696969697,0.712166172106825,0.8212147134302823,0.9939008877642613
